Username,Last name,First name,Date of download,Software package
dittoafar45,Andersen,Leocadia,3/4/2016,Basic
prowlingglistering253,Lucero,Chad,3/7/2016,Premium
expectant2deranged,Randall,Stone,4/6/2016,Plus
sulphateplummer,Braun,Emelia,4/8/2016,Basic
woatok,Velez,Ridley,6/24/2016,Basic
hobnobdistort,Sloan,Devadas,3/13/2017,Premium
kindpolling353,Proctor,Jamaal,4/18/2017,Plus
latefiery,Morris,Reba,4/26/2017,Plus
oxbeat,Knight,Nomusa,8/23/2017,Plus
immodestahead,Dunlap,Romaine,1/18/2018,Basic
emmaliar,Wilcox,Regan,2/5/2018,Basic
wickfieldhobnob,Grimes,Forest,2/8/2018,Premium
biscuitmap,Gillespie,Feliciana,4/23/2018,Plus
unicornharmonics493,Logan,Ella,7/19/2018,Plus
eskimowash,Black,Abel,2/5/2019,Basic
smashupberkelium,Mills,Josceline,7/8/2019,Premium
subtextethnic,Dixon,Kit,8/14/2019,Plus
cardiffsane,Ruiz,Annice,10/2/2019,Basic
bootseucalyptus888,Rubio,Alesia,10/3/2019,Basic
gobsmackedonset,Craig,Magnolia,10/25/2019,Basic
slavejuly,Blanchard,Elouan,12/25/2019,Basic
motleypasture,Cummings,McKinley,1/16/2020,Premium
ansicrux12367,Costa,Trecia,3/24/2020,Plus
unyieldinglunar,Chambers,Placide,4/20/2020,Basic
feverhoneythunder,Savage,Korey,7/17/2020,Basic
missydate,Shepard,Linden,2/16/2016,Premium
overbillfizzy,Parks,Mya,6/8/2016,Plus
dazzlemolly67984,Mcguire,Jorge,7/11/2016,Basic
simpsonssextans,Smith,Eileen,8/30/2016,Basic
tamenessnative,Daniel,José Luis,9/1/2016,Premium
cabinunvaried345,Cole,Dan,10/19/2016,Plus
babyvanadium,Boone,Randolph,6/2/2017,Plus
snoolversus,Johns,Vivien,6/22/2017,Plus
fredericknender,Good,Branson,9/22/2017,Plus
gumdropidentical,Hatfield,Fulk,1/11/2018,Basic
idleunaffected,Bolton,Herminio,4/13/2018,Premium
retoolwisp,Brown,Rosemary,4/30/2018,Plus
goingslildren345,Gallegos,Alannis,12/3/2018,Basic
glandskitty,Suarez,Rylee,1/4/2019,Basic
firsthandsteps,Clay,Gladwin,2/20/2019,Basic
shrinepayday,Lester,Alea,2/27/2019,Premium
oudeprevail,Branch,Artie,5/9/2019,Plus
putumami,Mcbride,Maggie,6/11/2019,Basic
providinggo867,Hancock,Dom,6/26/2019,Basic
outcomecompany,Blackburn,Phyllida,8/16/2019,Premium
tallahasseegoud,David,Earleen,10/7/2019,Plus
jackanapesfishing,Riggs,Osmond,1/13/2020,Plus
juliaslave,Dyer,Paige,8/6/2020,Plus
representflatterer,Leon,Ariel,8/31/2020,Basic
girlagent,Salazar,Liana,12/10/2020,Basic
cumbrianchall,Case,Ellen,1/15/2016,Premium
clockcrib,Krueger,Phillis,1/29/2016,Plus
daffycork123123,Molina,Daley,2/17/2016,Basic
chemicalspecan,Barry,Katey,7/13/2016,Basic
thornpandemic,Mckay,Kenton,9/2/2016,Premium
planktonplayable,Ballard,Alease,10/5/2016,Plus
turmoilgummy,Yu,Dillon,10/6/2016,Plus
questkit444,Davis,Pamela,6/29/2017,Basic
packedwhickhope,Grimes,Art,7/17/2017,Basic
bingersreward,Peterson,Bridger,10/12/2017,Premium
gourfletal,Simmons,Saranna,1/15/2018,Plus
spymule876,Carrillo,Sela,1/17/2018,Basic
membersevacuation,Dunn,Fiona,4/17/2018,Basic
typewheat,Mckinney,Lee,10/10/2018,Premium
plinkzoologist,Graham,Rosemarie,10/26/2018,Plus
blamealpha,Howard,Dove,12/12/2018,Plus
finallyveneering,Arellano,Abegail,5/30/2019,Plus
leeboardnewtons,Moses,Wendell,8/29/2019,Basic
moodythumb,Li,Payton,10/11/2019,Basic
bodacioustaekwondo,Robbins,Foster,11/19/2019,Premium
garacrystals,Vincent,Camellia,2/25/2020,Plus
injectpennines125,Ali,Tera,4/6/2020,Plus
maybeobserving,Gibson,Ettie,6/4/2020,Basic
cassietooden,Baldwin,Freda,7/9/2020,Premium
swintycollar,Turner,Chrysanta,8/4/2020,Plus
venturecheasles,Johnston,Laurinda,1/14/2016,Basic
jarbidgenebula,Shelton,Jojo,4/6/2016,Basic
lullabyfats,Roberson,Jamey,7/7/2016,Basic
slicedvegetables,Fowler,Sherie,1/10/2017,Basic
richnesszookeeper6262,Duran,Shanon,1/16/2017,Premium
subsectorsecrete,English,Marissa,2/8/2017,Plus
californiumpucker,Andrade,Melina,2/15/2017,Plus
droppingbevy,Spears,Hayden,6/26/2017,Plus
bradifordrefuse,Bentley,McKinley,8/18/2017,Basic
atlaiplus354,Conley,Journee,10/11/2017,Basic
plantiger,Rosales,Anona,10/27/2017,Premium
legalgrate,French,Alexina,12/29/2017,Plus
sculptureseahorse,Arnold,Collyn,4/13/2018,Plus
scannerbrouhaha55,Miles,Zachery,10/19/2018,Basic
redheadsecond,Roberson,Reynold,1/11/2019,Basic
headboardmycology,Baxter,Timmy,4/4/2019,Premium
rematchprograde,Huang,Phemie,4/12/2019,Plus
fookremix,Weeks,Seward,11/6/2019,Basic
violinonline,Heath,Zachariah,11/27/2019,Basic
errorking,Hinton,Shepherd,12/19/2019,Premium
fiddlecheesey,Heath,Maureen,2/11/2020,Plus
rootsmarengo,Dalton,Krystelle,7/20/2020,Plus
thinkfrash0005,Hanna,Aiden,9/2/2020,Plus
unlovingjiffy,Gilmore,Tibby,9/14/2020,Basic
bankrollsympathize,Solis,Larry,10/9/2020,Basic
arcounmixed,Todd,Maureen,2/17/2016,Premium
codybonehead,Hicks,Krystelle,7/13/2016,Plus
wayonfour,Fox,Aiden,9/2/2016,Plus
swedishcornbread,Chapman,Tibby,10/5/2016,Basic
hookdeal,Lloyd,Larry,10/6/2016,Basic
tactilehafnium,Alvarado,Norah,6/29/2017,Premium
thadicaldoves,Logan,Colleen,7/17/2017,Plus
capsulegrain787,Moran,Kiki,10/12/2017,Basic
toyworsted,Juarez,Adolph,1/15/2018,Basic
shiftlessrolex,Lowery,Alfred,1/17/2018,Premium
runningfreckles,Whitehead,Amabel,4/17/2018,Plus
ragingmend,Nelson,Sasha,10/10/2018,Plus
greenspiker5679,Owen,Barnaby,10/26/2018,Basic
assistantbadgworthy,Pearson,Jodene,12/12/2018,Premium
flashybeyond,Wilkins,Esmée,5/30/2019,Plus
powdereddirtiness,Russo,Leocadia,8/29/2019,Basic
trousersheat,Woodward,Regan,10/11/2019,Basic
attractordonor,Crawford,Josceline,11/19/2019,Premium
startmoist,Fernandez,Elouan,2/25/2020,Plus
picedbrownnose,Dyer,Jordyn,4/6/2020,Plus
blantsdotterel,Vaughan,Topsy,6/4/2020,Plus
pairagony,Mahoney,Alison,7/9/2020,Plus
perceiveboogieman,Camacho,Harrietta,1/14/2016,Premium
roastdainty,Warner,Katey,4/6/2016,Plus
wuhangourmet,Munoz,Art,7/7/2016,Basic
wroughtrefill,Patrick,Dove,1/10/2017,Basic
symphonicdrudge,Mullen,Foster,1/16/2017,Basic
cauldronsheenjek,Romero,Freda,2/8/2017,Premium
automobilearea,Farmer,Chrysanta,2/15/2017,Plus
savickbubblegum,Craig,Shanon,6/26/2017,Basic
chariotmillie,Cordova,Reynold,8/18/2017,Basic
pouncingiridescent,Roman,Maureen,10/11/2017,Premium
boggooker,Jennings,Maureen,10/27/2017,Premium
familyrerun,Sheppard,Norah,12/29/2017,Premium
clivetartly,Lowe,Adolph,4/13/2018,Premium
stoodweatherly,Espinoza,Jodene,10/19/2018,Premium
silentmerchant0101,Ayala,Finlay,2/17/2016,Basic
flapmilly,Eaton,Melina,7/13/2016,Premium
slackpuffer,Morrison,Vic,9/2/2016,Plus
mainstaycollision,Hess,Carlene,10/5/2016,Basic
brogaiggoal,Bryan,Lake,10/6/2016,Basic
regal_lady123,Coffey,Elaine,6/29/2017,Premium
twiddlingpickaxe,Nichols,Jaylah,7/17/2017,Plus
joltcobbey,Townsend,Retha,10/12/2017,Plus
overdraftcode664,Waller,Daren,1/15/2018,Plus
boacollection,Bowers,Glenda,1/17/2018,Plus
breakfastservant,Frey,Greene,4/17/2018,Basic